{
    "name": "root",
    "metadata": {
        "timer_format_version": "0.1.0",
        "start_time_seconds": "1681394252",
        "python_version": "3.9.13 (tags/v3.9.13:6de2ca5, May 17 2022, 16:36:42) [MSC v.1929 64 bit (AMD64)]",
        "command_line_arguments": "C:\\Users\\Andrej\\Documents\\GitHub\\WormsDP\\venv\\Scripts\\mlagents-learn --run-id=Train2 --no-graphics --force",
        "mlagents_version": "0.30.0",
        "mlagents_envs_version": "0.30.0",
        "communication_protocol_version": "1.5.0",
        "pytorch_version": "2.0.0+cu118",
        "numpy_version": "1.21.2",
        "end_time_seconds": "1681394395"
    },
    "total": 143.0272133,
    "count": 1,
    "self": 0.0038964999999961947,
    "children": {
        "run_training.setup": {
            "total": 0.021543499999999938,
            "count": 1,
            "self": 0.021543499999999938
        },
        "TrainerController.start_learning": {
            "total": 143.0017733,
            "count": 1,
            "self": 0.020136399999984178,
            "children": {
                "TrainerController._reset_env": {
                    "total": 8.5474093,
                    "count": 1,
                    "self": 8.5474093
                },
                "TrainerController.advance": {
                    "total": 134.3556608,
                    "count": 2061,
                    "self": 0.019213500000063277,
                    "children": {
                        "env_step": {
                            "total": 134.1745818,
                            "count": 2061,
                            "self": 128.39478960000002,
                            "children": {
                                "SubprocessEnvManager._take_step": {
                                    "total": 5.767250999999959,
                                    "count": 2061,
                                    "self": 0.06116979999997696,
                                    "children": {
                                        "TorchPolicy.evaluate": {
                                            "total": 5.706081199999982,
                                            "count": 2061,
                                            "self": 5.706081199999982
                                        }
                                    }
                                },
                                "workers": {
                                    "total": 0.012541200000004693,
                                    "count": 2060,
                                    "self": 0.0,
                                    "children": {
                                        "worker_root": {
                                            "total": 12.945272200000057,
                                            "count": 2060,
                                            "is_parallel": true,
                                            "self": 7.900978000000035,
                                            "children": {
                                                "steps_from_proto": {
                                                    "total": 0.00028309999999986957,
                                                    "count": 1,
                                                    "is_parallel": true,
                                                    "self": 0.00014970000000058548,
                                                    "children": {
                                                        "_process_rank_one_or_two_observation": {
                                                            "total": 0.0001333999999992841,
                                                            "count": 2,
                                                            "is_parallel": true,
                                                            "self": 0.0001333999999992841
                                                        }
                                                    }
                                                },
                                                "UnityEnvironment.step": {
                                                    "total": 5.044011100000022,
                                                    "count": 2060,
                                                    "is_parallel": true,
                                                    "self": 0.08077669999984849,
                                                    "children": {
                                                        "UnityEnvironment._generate_step_input": {
                                                            "total": 0.07138490000001596,
                                                            "count": 2060,
                                                            "is_parallel": true,
                                                            "self": 0.07138490000001596
                                                        },
                                                        "communicator.exchange": {
                                                            "total": 4.692183600000076,
                                                            "count": 2060,
                                                            "is_parallel": true,
                                                            "self": 4.692183600000076
                                                        },
                                                        "steps_from_proto": {
                                                            "total": 0.1996659000000811,
                                                            "count": 2060,
                                                            "is_parallel": true,
                                                            "self": 0.10602699999996545,
                                                            "children": {
                                                                "_process_rank_one_or_two_observation": {
                                                                    "total": 0.09363890000011565,
                                                                    "count": 4120,
                                                                    "is_parallel": true,
                                                                    "self": 0.09363890000011565
                                                                }
                                                            }
                                                        }
                                                    }
                                                }
                                            }
                                        }
                                    }
                                }
                            }
                        },
                        "trainer_advance": {
                            "total": 0.16186549999993893,
                            "count": 2060,
                            "self": 0.01931129999982062,
                            "children": {
                                "process_trajectory": {
                                    "total": 0.14255420000011831,
                                    "count": 2060,
                                    "self": 0.14255420000011831
                                }
                            }
                        }
                    }
                },
                "TrainerController._save_models": {
                    "total": 0.07856680000000438,
                    "count": 1,
                    "self": 0.007445999999987407,
                    "children": {
                        "RLTrainer._checkpoint": {
                            "total": 0.07112080000001697,
                            "count": 1,