{"count":1,"self":80.329369599999993,"total":80.3816733,"children":{"InitializeActuators":{"count":1,"self":0.00050539999999999992,"total":0.00050539999999999992,"children":null},"InitializeSensors":{"count":1,"self":0.0019998999999999998,"total":0.0019998999999999998,"children":null},"AgentSendState":{"count":3301,"self":0.012267199999999999,"total":0.0202611,"children":{"CollectObservations":{"count":661,"self":0.0010115999999999999,"total":0.0010115999999999999,"children":null},"WriteActionMask":{"count":661,"self":0.0010002,"total":0.0010002,"children":null},"RequestDecision":{"count":661,"self":0.0059821,"total":0.0059821,"children":null}}},"DecideAction":{"count":3301,"self":0.011001499999999999,"total":0.011001499999999999,"children":null},"AgentAct":{"count":3301,"self":0.0175336,"total":0.0175336,"children":null}},"gauges":{},"metadata":{"timer_format_version":"0.1.0","start_time_seconds":"1682962343","unity_version":"2021.3.16f1","command_line_arguments":"C:\\Program Files\\Unity\\Hub\\Editor\\2021.3.16f1\\Editor\\Unity.exe -projectpath C:\\Users\\Andrej\\Documents\\GitHub\\WormsDP -useHub -hubIPC -cloudEnvironment production","communication_protocol_version":"1.5.0","com.unity.ml-agents_version":"2.3.0-exp.3","scene_name":"Demo","end_time_seconds":"1682962423"}}