{
    "name": "root",
    "gauges": {
        "MoveToEnemy.Policy.Entropy.mean": {
            "value": 1.4227032661437988,
            "min": 1.4227032661437988,
            "max": 1.4227032661437988,
            "count": 1
        },
        "MoveToEnemy.Policy.Entropy.sum": {
            "value": 71153.65625,
            "min": 71153.65625,
            "max": 71153.65625,
            "count": 1
        },
        "MoveToEnemy.Environment.EpisodeLength.mean": {
            "value": 91.61666666666666,
            "min": 91.61666666666666,
            "max": 91.61666666666666,
            "count": 1
        },
        "MoveToEnemy.Environment.EpisodeLength.sum": {
            "value": 49473.0,
            "min": 49473.0,
            "max": 49473.0,
            "count": 1
        },
        "MoveToEnemy.Step.mean": {
            "value": 49961.0,
            "min": 49961.0,
            "max": 49961.0,
            "count": 1
        },
        "MoveToEnemy.Step.sum": {
            "value": 49961.0,
            "min": 49961.0,
            "max": 49961.0,
            "count": 1
        },
        "MoveToEnemy.Policy.ExtrinsicValueEstimate.mean": {
            "value": -0.4770229756832123,
            "min": -0.4770229756832123,
            "max": -0.4770229756832123,
            "count": 1
        },
        "MoveToEnemy.Policy.ExtrinsicValueEstimate.sum": {
            "value": -511.3686218261719,
            "min": -511.3686218261719,
            "max": -511.3686218261719,
            "count": 1
        },
        "MoveToEnemy.Environment.CumulativeReward.mean": {
            "value": -4.069016751226777,
            "min": -4.069016751226777,
            "max": -4.069016751226777,
            "count": 1
        },
        "MoveToEnemy.Environment.CumulativeReward.sum": {
            "value": -2193.200028911233,
            "min": -2193.200028911233,
            "max": -2193.200028911233,
            "count": 1
        },
        "MoveToEnemy.Policy.ExtrinsicReward.mean": {
            "value": -4.069016751226777,
            "min": -4.069016751226777,
            "max": -4.069016751226777,
            "count": 1
        },
        "MoveToEnemy.Policy.ExtrinsicReward.sum": {
            "value": -2193.200028911233,
            "min": -2193.200028911233,
            "max": -2193.200028911233,
            "count": 1
        },
        "MoveToEnemy.Losses.PolicyLoss.mean": {
            "value": 0.022324434768718978,
            "min": 0.022324434768718978,
            "max": 0.022324434768718978,
            "count": 1
        },
        "MoveToEnemy.Losses.PolicyLoss.sum": {
            "value": 0.08929773907487591,
            "min": 0.08929773907487591,
            "max": 0.08929773907487591,
            "count": 1
        },
        "MoveToEnemy.Losses.ValueLoss.mean": {
            "value": 0.20447542909532784,
            "min": 0.20447542909532784,
            "max": 0.20447542909532784,
            "count": 1
        },
        "MoveToEnemy.Losses.ValueLoss.sum": {
            "value": 0.8179017163813114,
            "min": 0.8179017163813114,
            "max": 0.8179017163813114,
            "count": 1
        },
        "MoveToEnemy.Policy.LearningRate.mean": {
            "value": 0.000284607005131,
            "min": 0.000284607005131,
            "max": 0.000284607005131,
            "count": 1
        },
        "MoveToEnemy.Policy.LearningRate.sum": {
            "value": 0.001138428020524,
            "min": 0.001138428020524,
            "max": 0.001138428020524,
            "count": 1
        },
        "MoveToEnemy.Policy.Epsilon.mean": {
            "value": 0.19486900000000004,
            "min": 0.19486900000000004,
            "max": 0.19486900000000004,
            "count": 1
        },
        "MoveToEnemy.Policy.Epsilon.sum": {
            "value": 0.7794760000000002,
            "min": 0.7794760000000002,
            "max": 0.7794760000000002,
            "count": 1
        },
        "MoveToEnemy.Policy.Beta.mean": {
            "value": 0.0047439631,
            "min": 0.0047439631,
            "max": 0.0047439631,
            "count": 1
        },
        "MoveToEnemy.Policy.Beta.sum": {
            "value": 0.0189758524,
            "min": 0.0189758524,
            "max": 0.0189758524,
            "count": 1
        },
        "MoveToEnemy.IsTraining.mean": {
            "value": 1.0,
            "min": 1.0,
            "max": 1.0,
            "count": 1
        },
        "MoveToEnemy.IsTraining.sum": {
            "value": 1.0,
            "min": 1.0,
            "max": 1.0,
            "count": 1
        }
    },
    "metadata": {
        "timer_format_version": "0.1.0",
        "start_time_seconds": "1681394759",
        "python_version": "3.9.13 (tags/v3.9.13:6de2ca5, May 17 2022, 16:36:42) [MSC v.1929 64 bit (AMD64)]",
        "command_line_arguments": "C:\\Users\\Andrej\\Documents\\GitHub\\WormsDP\\venv\\Scripts\\mlagents-learn --run-id=Train4",
        "mlagents_version": "0.30.0",
        "mlagents_envs_version": "0.30.0",
        "communication_protocol_version": "1.5.0",
        "pytorch_version": "2.0.0+cu118",
        "numpy_version": "1.21.2",
        "end_time_seconds": "1681395098"
    },
    "total": 338.99322,
    "count": 1,
    "self": 0.004424900000003618,
    "children": {
        "run_training.setup": {
            "total": 0.019390899999999878,
            "count": 1,
            "self": 0.019390899999999878
        },
        "TrainerController.start_learning": {
            "total": 338.9694042,
            "count": 1,
            "self": 0.5310314000007565,
            "children": {
                "TrainerController._reset_env": {
                    "total": 8.1271583,
                    "count": 1,
                    "self": 8.1271583
                },
                "TrainerController.advance": {
                    "total": 330.24144689999923,
                    "count": 60856,
                    "self": 0.5529384999988451,
                    "children": {
                        "env_step": {
                            "total": 318.96501909999733,
                            "count": 60856,
                            "self": 198.15239339999664,
                            "children": {
                                "SubprocessEnvManager._take_step": {
                                    "total": 120.44253959999972,
                                    "count": 60856,
                                    "self": 1.7216238000005148,
                                    "children": {
                                        "TorchPolicy.evaluate": {
                                            "total": 118.7209157999992,
                                            "count": 60427,
                                            "self": 118.7209157999992
                                        }
                                    }
                                },
                                "workers": {
                                    "total": 0.37008610000096276,
                                    "count": 60855,
                                    "self": 0.0,
                                    "children": {
                                        "worker_root": {
                                            "total": 268.25100399999985,
                                            "count": 60855,
                                            "is_parallel": true,
                                            "self": 158.63980290000268,
                                            "children": {
                                                "steps_from_proto": {
                                                    "total": 0.00022409999999961627,
                                                    "count": 1,
                                                    "is_parallel": true,
                                                    "self": 8.629999999953952e-05,