{
    "name": "root",
    "gauges": {
        "worm_medium_cloning.Policy.Entropy.mean": {
            "value": 1.4602891206741333,
            "min": 0.8632989525794983,
            "max": 1.6974859237670898,
            "count": 402
        },
        "worm_medium_cloning.Policy.Entropy.sum": {
            "value": 7206.52685546875,
            "min": 4307.5380859375,
            "max": 8487.4296875,
            "count": 402
        },
        "worm_medium_cloning.Environment.EpisodeLength.mean": {
            "value": 111.5111111111111,
            "min": 31.006410256410255,
            "max": 148.87878787878788,
            "count": 402
        },
        "worm_medium_cloning.Environment.EpisodeLength.sum": {
            "value": 5018.0,
            "min": 4725.0,
            "max": 5186.0,
            "count": 402
        },
        "worm_medium_cloning.Step.mean": {
            "value": 2009892.0,
            "min": 4991.0,
            "max": 2009892.0,
            "count": 402
        },
        "worm_medium_cloning.Step.sum": {
            "value": 2009892.0,
            "min": 4991.0,
            "max": 2009892.0,
            "count": 402
        },
        "worm_medium_cloning.Policy.ExtrinsicValueEstimate.mean": {
            "value": 0.06470541656017303,
            "min": -0.45024481415748596,
            "max": 0.11605014652013779,
            "count": 402
        },
        "worm_medium_cloning.Policy.ExtrinsicValueEstimate.sum": {
            "value": 4.076441287994385,
            "min": -28.36542320251465,
            "max": 7.311159133911133,
            "count": 402
        },
        "worm_medium_cloning.Policy.GailValueEstimate.mean": {
            "value": 8.967460632324219,
            "min": 0.030968166887760162,
            "max": 19.9869327545166,
            "count": 402
        },
        "worm_medium_cloning.Policy.GailValueEstimate.sum": {
            "value": 564.9500122070312,
            "min": 4.7071614265441895,
            "max": 1250.8612060546875,
            "count": 402
        },
        "worm_medium_cloning.Environment.CumulativeReward.mean": {
            "value": 0.022727272727272728,
            "min": -0.6923076923076923,
            "max": 0.2777777777777778,
            "count": 402
        },
        "worm_medium_cloning.Environment.CumulativeReward.sum": {
            "value": 1.0,
            "min": -27.0,
            "max": 11.0,
            "count": 402
        },
        "worm_medium_cloning.Policy.ExtrinsicReward.mean": {
            "value": 0.022727272727272728,
            "min": -0.6923076923076923,
            "max": 0.2777777777777778,
            "count": 402
        },
        "worm_medium_cloning.Policy.ExtrinsicReward.sum": {
            "value": 1.0,
            "min": -27.0,
            "max": 11.0,
            "count": 402
        },
        "worm_medium_cloning.Policy.GailReward.mean": {
            "value": 28.674391408958897,
            "min": 13.85024484883734,
            "max": 79.93107568165836,
            "count": 402
        },
        "worm_medium_cloning.Policy.GailReward.sum": {
            "value": 1261.6732219941914,
            "min": 595.5605285000056,
            "max": 3181.102998971939,
            "count": 402
        },
        "worm_medium_cloning.IsTraining.mean": {
            "value": 1.0,
            "min": 1.0,
            "max": 1.0,
            "count": 402
        },
        "worm_medium_cloning.IsTraining.sum": {
            "value": 1.0,
            "min": 1.0,
            "max": 1.0,
            "count": 402
        },
        "worm_medium_cloning.Losses.PolicyLoss.mean": {
            "value": 0.02952684730757028,
            "min": 0.027247900902293624,
            "max": 0.04068401113152504,
            "count": 195
        },
        "worm_medium_cloning.Losses.PolicyLoss.sum": {
            "value": 0.02952684730757028,
            "min": 0.027247900902293624,
            "max": 0.04068401113152504,
            "count": 195
        },
        "worm_medium_cloning.Losses.ValueLoss.mean": {
            "value": 2.6724544298648834,
            "min": 2.0226914191246035,
            "max": 7.972405548095703,
            "count": 195
        },
        "worm_medium_cloning.Losses.ValueLoss.sum": {
            "value": 2.6724544298648834,
            "min": 2.0226914191246035,
            "max": 7.972405548095703,
            "count": 195
        },
        "worm_medium_cloning.Policy.LearningRate.mean": {
            "value": 0.000287951560016148,
            "min": 0.000287951560016148,
            "max": 0.00029993843402052186,
            "count": 195
        },
        "worm_medium_cloning.Policy.LearningRate.sum": {
            "value": 0.000287951560016148,
            "min": 0.000287951560016148,
            "max": 0.00029993843402052186,
            "count": 195
        },
        "worm_medium_cloning.Policy.Epsilon.mean": {
            "value": 0.09999999999999998,
            "min": 0.09999999999999998,
            "max": 0.09999999999999998,
            "count": 195
        },
        "worm_medium_cloning.Policy.Epsilon.sum": {
            "value": 0.09999999999999998,
            "min": 0.09999999999999998,
            "max": 0.09999999999999998,
            "count": 195
        },
        "worm_medium_cloning.Policy.Beta.mean": {
            "value": 0.0047995942148,
            "min": 0.0047995942148,
            "max": 0.004998975952200001,
            "count": 195
        },
        "worm_medium_cloning.Policy.Beta.sum": {
            "value": 0.0047995942148,
            "min": 0.0047995942148,
            "max": 0.004998975952200001,
            "count": 195
        },
        "worm_medium_cloning.Policy.GAILPolicyEstimate.mean": {
            "value": 0.21206695422530175,
            "min": 0.19747142150998115,
            "max": 0.43234605342149734,
            "count": 195
        },
        "worm_medium_cloning.Policy.GAILPolicyEstimate.sum": {
            "value": 0.21206695422530175,
            "min": 0.19747142150998115,
            "max": 0.43234605342149734,
            "count": 195
        },
        "worm_medium_cloning.Policy.GAILExpertEstimate.mean": {
            "value": 0.8127790749073028,
            "min": 0.5740909624099731,
            "max": 0.8168744724988938,
            "count": 195
        },
        "worm_medium_cloning.Policy.GAILExpertEstimate.sum": {
            "value": 0.8127790749073028,
            "min": 0.5740909624099731,
            "max": 0.8168744724988938,
            "count": 195
        },
        "worm_medium_cloning.Losses.GAILLoss.mean": {
            "value": 0.5281705287098885,
            "min": 0.4936969152092934,
            "max": 1.1852816212177277,
            "count": 195
        },
        "worm_medium_cloning.Losses.GAILLoss.sum": {
            "value": 0.5281705287098885,
            "min": 0.4936969152092934,
            "max": 1.1852816212177277,
            "count": 195
        },
        "worm_medium_cloning.Policy.GAILGradMagLoss.mean": {
            "value": 0.0895530877262354,
            "min": 0.07528027329593896,
            "max": 5.80614108979702,
            "count": 195
        },
        "worm_medium_cloning.Policy.GAILGradMagLoss.sum": {
            "value": 0.0895530877262354,
            "min": 0.07528027329593896,
            "max": 5.80614108979702,
            "count": 195
        },
        "worm_medium_cloning.Losses.PretrainingLoss.mean": {
            "value": 0.0,
            "min": 0.0,
            "max": 0.8474180897076925,
            "count": 195
        },
        "worm_medium_cloning.Losses.PretrainingLoss.sum": {
            "value": 0.0,
            "min": 0.0,
            "max": 0.8474180897076925,
            "count": 195
        }
    },
    "metadata": {
        "timer_format_version": "0.1.0",
        "start_time_seconds": "1746865947",