{
    "name": "root",
    "metadata": {
        "timer_format_version": "0.1.0",
        "start_time_seconds": "1681421555",
        "python_version": "3.9.13 (tags/v3.9.13:6de2ca5, May 17 2022, 16:36:42) [MSC v.1929 64 bit (AMD64)]",
        "command_line_arguments": "C:\\Users\\Andrej\\Documents\\GitHub\\WormsDP\\venv\\Scripts\\mlagents-learn --force",
        "mlagents_version": "0.30.0",
        "mlagents_envs_version": "0.30.0",
        "communication_protocol_version": "1.5.0",
        "pytorch_version": "1.7.1+cu110",
        "numpy_version": "1.21.2",
        "end_time_seconds": "1681421647"
    },
    "total": 91.60506,
    "count": 1,
    "self": 0.0038043999999928246,
    "children": {
        "run_training.setup": {
            "total": 0.0179937,
            "count": 1,
            "self": 0.0179937
        },
        "TrainerController.start_learning": {
            "total": 91.5832619,
            "count": 1,
            "self": 0.03042729999984317,
            "children": {
                "TrainerController._reset_env": {
                    "total": 6.7915636,
                    "count": 1,
                    "self": 6.7915636
                },
                "TrainerController.advance": {
                    "total": 84.68560080000016,
                    "count": 3624,
                    "self": 0.03104400000019325,
                    "children": {
                        "env_step": {
                            "total": 84.4308937999999,
                            "count": 3624,
                            "self": 73.5725975,
                            "children": {
                                "SubprocessEnvManager._take_step": {
                                    "total": 10.837699599999837,
                                    "count": 3624,
                                    "self": 0.10161129999988106,
                                    "children": {
                                        "TorchPolicy.evaluate": {
                                            "total": 10.736088299999956,
                                            "count": 3624,
                                            "self": 10.736088299999956
                                        }
                                    }
                                },
                                "workers": {
                                    "total": 0.02059670000004843,
                                    "count": 3623,
                                    "self": 0.0,
                                    "children": {
                                        "worker_root": {
                                            "total": 24.45348809999998,
                                            "count": 3623,
                                            "is_parallel": true,
                                            "self": 13.408232599999891,
                                            "children": {
                                                "steps_from_proto": {
                                                    "total": 0.0002741999999997802,
                                                    "count": 1,
                                                    "is_parallel": true,
                                                    "self": 0.00014890000000011838,
                                                    "children": {
                                                        "_process_rank_one_or_two_observation": {
                                                            "total": 0.0001252999999996618,
                                                            "count": 2,
                                                            "is_parallel": true,
                                                            "self": 0.0001252999999996618
                                                        }
                                                    }
                                                },
                                                "UnityEnvironment.step": {
                                                    "total": 11.044981300000089,
                                                    "count": 3623,
                                                    "is_parallel": true,
                                                    "self": 0.13958360000025394,
                                                    "children": {
                                                        "UnityEnvironment._generate_step_input": {
                                                            "total": 0.12929310000005767,
                                                            "count": 3623,
                                                            "is_parallel": true,
                                                            "self": 0.12929310000005767
                                                        },
                                                        "communicator.exchange": {
                                                            "total": 10.351143699999989,
                                                            "count": 3623,
                                                            "is_parallel": true,
                                                            "self": 10.351143699999989
                                                        },
                                                        "steps_from_proto": {
                                                            "total": 0.42496089999978803,
                                                            "count": 3623,
                                                            "is_parallel": true,
                                                            "self": 0.275020199999668,
                                                            "children": {
                                                                "_process_rank_one_or_two_observation": {
                                                                    "total": 0.14994070000012005,
                                                                    "count": 7246,
                                                                    "is_parallel": true,
                                                                    "self": 0.14994070000012005
                                                                }
                                                            }
                                                        }
                                                    }
                                                }
                                            }
                                        }
                                    }
                                }
                            }
                        },
                        "trainer_advance": {
                            "total": 0.22366300000006945,
                            "count": 3623,
                            "self": 0.0312382000001179,
                            "children": {
                                "process_trajectory": {
                                    "total": 0.19242479999995155,
                                    "count": 3623,
                                    "self": 0.19242479999995155
                                }
                            }
                        }
                    }
                },
                "TrainerController._save_models": {
                    "total": 0.07567019999999047,
                    "count": 1,
                    "self": 0.006482199999979343,
                    "children": {
                        "RLTrainer._checkpoint": {
                            "total": 0.06918800000001113,
                            "count": 1,
                            "self": 0.06918800000001113
                        }
                    }
                }
            }
        }
    }
}