{
    "name": "root",
    "gauges": {
        "worm_medium_cloning.Policy.Entropy.mean": {
            "value": 1.98319673538208,
            "min": 1.3961814641952515,
            "max": 2.368048667907715,
            "count": 2895
        },
        "worm_medium_cloning.Policy.Entropy.sum": {
            "value": 9872.353515625,
            "min": 3777.8046875,
            "max": 11939.701171875,
            "count": 2895
        },
        "worm_medium_cloning.Environment.EpisodeLength.mean": {
            "value": 52.526881720430104,
            "min": 42.63157894736842,
            "max": 135.32432432432432,
            "count": 2895
        },
        "worm_medium_cloning.Environment.EpisodeLength.sum": {
            "value": 4885.0,
            "min": 2073.0,
            "max": 5164.0,
            "count": 2895
        },
        "worm_medium_cloning.Step.mean": {
            "value": 15619980.0,
            "min": 1149959.0,
            "max": 15619980.0,
            "count": 2895
        },
        "worm_medium_cloning.Step.sum": {
            "value": 15619980.0,
            "min": 1149959.0,
            "max": 15619980.0,
            "count": 2895
        },
        "worm_medium_cloning.Policy.ExtrinsicValueEstimate.mean": {
            "value": 0.009837785735726357,
            "min": -0.23445099592208862,
            "max": 0.033746007829904556,
            "count": 2895
        },
        "worm_medium_cloning.Policy.ExtrinsicValueEstimate.sum": {
            "value": 0.9641029834747314,
            "min": -14.77041244506836,
            "max": 3.0371406078338623,
            "count": 2895
        },
        "worm_medium_cloning.Policy.GailValueEstimate.mean": {
            "value": 1.4825841188430786,
            "min": 0.13004322350025177,
            "max": 13.265811920166016,
            "count": 2895
        },
        "worm_medium_cloning.Policy.GailValueEstimate.sum": {
            "value": 145.29324340820312,
            "min": 12.874279022216797,
            "max": 822.4803466796875,
            "count": 2895
        },
        "worm_medium_cloning.Environment.CumulativeReward.mean": {
            "value": 0.0,
            "min": -0.40540540540540543,
            "max": 0.10606060606060606,
            "count": 2895
        },
        "worm_medium_cloning.Environment.CumulativeReward.sum": {
            "value": 0.0,
            "min": -16.0,
            "max": 8.0,
            "count": 2895
        },
        "worm_medium_cloning.Policy.ExtrinsicReward.mean": {
            "value": 0.0,
            "min": -0.40540540540540543,
            "max": 0.10606060606060606,
            "count": 2895
        },
        "worm_medium_cloning.Policy.ExtrinsicReward.sum": {
            "value": 0.0,
            "min": -16.0,
            "max": 8.0,
            "count": 2895
        },
        "worm_medium_cloning.Policy.GailReward.mean": {
            "value": 2.276959636153496,
            "min": 0.39719265503633466,
            "max": 64.76468982249499,
            "count": 2895
        },
        "worm_medium_cloning.Policy.GailReward.sum": {
            "value": 211.75724616227512,
            "min": 40.06881965635816,
            "max": 2590.5875928997993,
            "count": 2895
        },
        "worm_medium_cloning.IsTraining.mean": {
            "value": 1.0,
            "min": 1.0,
            "max": 1.0,
            "count": 2895
        },
        "worm_medium_cloning.IsTraining.sum": {
            "value": 1.0,
            "min": 1.0,
            "max": 1.0,
            "count": 2895
        },
        "worm_medium_cloning.Losses.PolicyLoss.mean": {
            "value": 0.03683199553954182,
            "min": 0.02700688311131671,
            "max": 0.04227838431601413,
            "count": 1408
        },
        "worm_medium_cloning.Losses.PolicyLoss.sum": {
            "value": 0.03683199553954182,
            "min": 0.02700688311131671,
            "max": 0.04227838431601413,
            "count": 1408
        },
        "worm_medium_cloning.Losses.ValueLoss.mean": {
            "value": 3.723460509777069,
            "min": 0.3798192662000656,
            "max": 26.16861297607422,
            "count": 1408
        },
        "worm_medium_cloning.Losses.ValueLoss.sum": {
            "value": 3.723460509777069,
            "min": 0.3798192662000656,
            "max": 26.16861297607422,
            "count": 1408
        },
        "worm_medium_cloning.Policy.LearningRate.mean": {
            "value": 0.00020630211723263796,
            "min": 0.00020630211723263796,
            "max": 0.00029305069431643605,
            "count": 1408
        },
        "worm_medium_cloning.Policy.LearningRate.sum": {
            "value": 0.00020630211723263796,
            "min": 0.00020630211723263796,
            "max": 0.00029305069431643605,
            "count": 1408
        },
        "worm_medium_cloning.Policy.Epsilon.mean": {
            "value": 0.09999999999999998,
            "min": 0.09999999999999998,
            "max": 0.09999999999999998,
            "count": 1408
        },
        "worm_medium_cloning.Policy.Epsilon.sum": {
            "value": 0.09999999999999998,
            "min": 0.09999999999999998,
            "max": 0.09999999999999998,
            "count": 1408
        },
        "worm_medium_cloning.Policy.Beta.mean": {
            "value": 0.0034414913638000015,
            "min": 0.0034414913638000015,
            "max": 0.004884409843600001,
            "count": 1408
        },
        "worm_medium_cloning.Policy.Beta.sum": {
            "value": 0.0034414913638000015,
            "min": 0.0034414913638000015,
            "max": 0.004884409843600001,
            "count": 1408
        },
        "worm_medium_cloning.Policy.GAILPolicyEstimate.mean": {
            "value": 0.018515777299180625,
            "min": 0.007367355768801645,
            "max": 0.24988620057702066,
            "count": 1408
        },
        "worm_medium_cloning.Policy.GAILPolicyEstimate.sum": {
            "value": 0.018515777299180625,
            "min": 0.007367355768801645,
            "max": 0.24988620057702066,
            "count": 1408
        },
        "worm_medium_cloning.Policy.GAILExpertEstimate.mean": {
            "value": 0.9861137038469314,
            "min": 0.7769969099760056,
            "max": 0.9948309832811355,
            "count": 1408
        },
        "worm_medium_cloning.Policy.GAILExpertEstimate.sum": {
            "value": 0.9861137038469314,
            "min": 0.7769969099760056,
            "max": 0.9948309832811355,
            "count": 1408
        },
        "worm_medium_cloning.Losses.GAILLoss.mean": {
            "value": 0.04107926557771861,
            "min": 0.015630243481136858,
            "max": 0.6189312160015106,
            "count": 1408
        },
        "worm_medium_cloning.Losses.GAILLoss.sum": {
            "value": 0.04107926557771861,
            "min": 0.015630243481136858,
            "max": 0.6189312160015106,
            "count": 1408
        },
        "worm_medium_cloning.Policy.GAILGradMagLoss.mean": {
            "value": 0.02729392916429788,
            "min": 0.01629239640664309,
            "max": 0.21858303494751452,
            "count": 1408
        },
        "worm_medium_cloning.Policy.GAILGradMagLoss.sum": {
            "value": 0.02729392916429788,
            "min": 0.01629239640664309,
            "max": 0.21858303494751452,
            "count": 1408
        },
        "worm_medium_cloning.Losses.PretrainingLoss.mean": {
            "value": 0.0,
            "min": 0.0,
            "max": 0.2890034317970276,
            "count": 1408
        },
        "worm_medium_cloning.Losses.PretrainingLoss.sum": {
            "value": 0.0,
            "min": 0.0,
            "max": 0.2890034317970276,
            "count": 1408
        }
    },
    "metadata": {
        "timer_format_version": "0.1.0",
        "start_time_seconds": "1745869963",